{"SHXJ":{"index":0,"Lat":31.274665243,"Lon":121.2715674807},"GXNN":{"index":1,"Lat":22.7969716368,"Lon":108.3118748489},"GXBM":{"index":2,"Lat":24.1417948936,"Lon":107.2532223389},"GXYY":{"index":3,"Lat":23.9232920058,"Lon":107.207632357},"GXTD":{"index":4,"Lat":23.618149106,"Lon":107.12951953},"GXJG":{"index":5,"Lat":23.3312736282,"Lon":107.1270678437},"GXTE":{"index":6,"Lat":23.0670463431,"Lon":107.1344709191},"GXDD":{"index":7,"Lat":22.8373752929,"Lon":107.1907601983},"GXLP":{"index":8,"Lat":22.6628334783,"Lon":107.1148733521},"GXXS":{"index":9,"Lat":22.4440952915,"Lon":107.1057064076},"GXCO":{"index":10,"Lat":22.3695430692,"Lon":107.3739410177},"GXNM":{"index":11,"Lat":22.1200648323,"Lon":107.0657871834},"GXBJ":{"index":12,"Lat":22.1035530958,"Lon":107.3829792848},"GXNK":{"index":13,"Lat":22.0802771205,"Lon":107.5980357158},"GXOS":{"index":14,"Lat":21.9989534755,"Lon":107.8219949002},"GXSS":{"index":15,"Lat":22.1753415276,"Lon":108.005880424},"GXZI":{"index":16,"Lat":22.0015946592,"Lon":108.367313221},"GXQI":{"index":17,"Lat":21.9555694236,"Lon":108.663553833},"GXNX":{"index":18,"Lat":22.3077478925,"Lon":108.4139522444},"GXSY":{"index":19,"Lat":22.4515284914,"Lon":107.9870831565},"GXFU":{"index":20,"Lat":22.6044821782,"Lon":107.9187058924},"GXJN":{"index":21,"Lat":22.5614734344,"Lon":108.2202508034},"GXUF":{"index":22,"Lat":22.9750943081,"Lon":107.4400144216},"GXFS":{"index":23,"Lat":22.920750371,"Lon":107.8408344983},"GXAA":{"index":24,"Lat":23.1698403589,"Lon":107.6896689635},"GXPG":{"index":25,"Lat":23.3519270443,"Lon":107.5180676103},"GXBX":{"index":26,"Lat":23.74925569,"Lon":107.6241293533},"GXQB":{"index":27,"Lat":24.1248071764,"Lon":107.6766157166},"GXXC":{"index":28,"Lat":24.0629839894,"Lon":108.6499346896},"GXBG":{"index":29,"Lat":23.8320507092,"Lon":108.5949036675},"GXHS":{"index":30,"Lat":23.813299692,"Lon":108.8951730688},"GXSH":{"index":31,"Lat":23.4377633691,"Lon":108.598222841},"GXSO":{"index":32,"Lat":23.1751697997,"Lon":108.6632602423},"GXWM":{"index":33,"Lat":23.1906218074,"Lon":108.3081575397},"GXSD":{"index":34,"Lat":22.9992200492,"Lon":108.1078587206},"GXYN":{"index":35,"Lat":22.6057871006,"Lon":108.6343484265},"GXXF":{"index":36,"Lat":22.5193597986,"Lon":108.9644011011},"GXLN":{"index":37,"Lat":22.38785794,"Lon":109.2540568942},"GXSL":{"index":38,"Lat":22.2914764394,"Lon":109.0295720736},"GXUW":{"index":39,"Lat":22.1700936589,"Lon":109.2386864319},"GXBO":{"index":40,"Lat":22.2513343365,"Lon":109.940468383},"GXLC":{"index":41,"Lat":22.1674991866,"Lon":110.2345322418},"GDEL":{"index":42,"Lat":21.9465951076,"Lon":110.1980236853},"GXPE":{"index":43,"Lat":22.0274166446,"Lon":109.3992625111},"GXSW":{"index":44,"Lat":21.884885572,"Lon":109.7358023082},"GXMC":{"index":45,"Lat":22.4001195166,"Lon":110.2568427},"GXYU":{"index":46,"Lat":22.6376053115,"Lon":110.1651369445},"GXOD":{"index":47,"Lat":23.071214042,"Lon":109.8117425417},"GXZM":{"index":48,"Lat":23.3310609792,"Lon":109.3194499507},"GXSB":{"index":49,"Lat":23.5292897245,"Lon":109.5227565751},"GXWU":{"index":50,"Lat":23.6546620682,"Lon":109.7129082831},"GXJT":{"index":51,"Lat":23.5863399501,"Lon":110.122726785},"GXOL":{"index":52,"Lat":23.2561430488,"Lon":108.0295517252},"GXZL":{"index":53,"Lat":23.5469756587,"Lon":108.00644681},"GXDH":{"index":54,"Lat":23.7165293466,"Lon":107.9946800765},"GXDA":{"index":55,"Lat":23.9424661647,"Lon":108.0978785708},"GXBW":{"index":56,"Lat":24.1863975346,"Lon":108.3218808827},"GXUG":{"index":57,"Lat":23.6374436345,"Lon":108.3135993563},"GXAG":{"index":58,"Lat":23.1947274424,"Lon":109.1001968821},"GXWL":{"index":59,"Lat":22.9632392744,"Lon":109.4010621424},"GXMZ":{"index":60,"Lat":22.8234712378,"Lon":109.6803188723},"GXZH":{"index":61,"Lat":22.5711873491,"Lon":109.6283596621},"GXPB":{"index":62,"Lat":22.2494765519,"Lon":109.5581422556},"GXTA":{"index":63,"Lat":22.8236686109,"Lon":109.1280849291},"GXHE":{"index":64,"Lat":22.6740211908,"Lon":109.2707914583},"JSDY":{"index":1,"Lat":32.0135655665,"Lon":119.5545608558},"JSJT":{"index":2,"Lat":31.7606827987,"Lon":119.6343723748},"JSWJ":{"index":3,"Lat":31.7011242426,"Lon":119.8789568215},"JSWU":{"index":4,"Lat":31.586639599,"Lon":120.2266874478},"JSZG":{"index":5,"Lat":31.9653728711,"Lon":120.4389739065},"JSNT":{"index":6,"Lat":32.0259561719,"Lon":120.8798037408},"JSHM":{"index":7,"Lat":31.8931179812,"Lon":121.2112356187},"CMXI":{"index":8,"Lat":31.7610558201,"Lon":121.193895274},"JSCS":{"index":9,"Lat":31.7260496789,"Lon":120.9013650601},"JSQD":{"index":10,"Lat":31.816189325,"Lon":121.6638893726},"CMDN":{"index":11,"Lat":31.5089743095,"Lon":121.7833376066},"JIAD":{"index":12,"Lat":31.4628874135,"Lon":121.2360290853},"JSKS":{"index":13,"Lat":31.3284627119,"Lon":121.0986134125},"JSSZ":{"index":14,"Lat":31.463406048,"Lon":120.64870605},"JSCL":{"index":15,"Lat":31.3038500156,"Lon":120.6259998632},"ZJSS":{"index":16,"Lat":30.8966782025,"Lon":120.9600330387},"PDHP":{"index":17,"Lat":31.2341339701,"Lon":121.4787938205},"PDZQ":{"index":18,"Lat":31.1072199439,"Lon":121.7553910918},"DSHZ":{"index":19,"Lat":30.9486137438,"Lon":121.8796489922},"FEXI":{"index":20,"Lat":30.8331344845,"Lon":121.5232210882},"SHJS":{"index":21,"Lat":30.7160689018,"Lon":121.3380849949},"ZJPU":{"index":22,"Lat":30.6054163449,"Lon":121.0829567062},"ZJJA":{"index":23,"Lat":30.7393881712,"Lon":120.8029088391},"ZJTX":{"index":24,"Lat":30.6504708819,"Lon":120.5720732682},"ZJIX":{"index":25,"Lat":30.6170526845,"Lon":120.2775711101},"ZJNX":{"index":26,"Lat":30.9094089228,"Lon":120.4002173721},"ZJHU":{"index":27,"Lat":30.9003274732,"Lon":120.0851067658},"ZJMS":{"index":28,"Lat":31.0983190678,"Lon":119.7355498783},"JSYI":{"index":29,"Lat":31.3366770916,"Lon":119.8475918274},"JSLY":{"index":30,"Lat":31.309329886,"Lon":119.4700294874},"SHYF":{"index":31,"Lat":31.1513300089,"Lon":121.1060665947},"AHGD":{"index":32,"Lat":30.880129573,"Lon":119.3964057341},"ZJAJ":{"index":33,"Lat":30.6544711703,"Lon":119.6967665463},"ZJHH":{"index":34,"Lat":30.5744616492,"Lon":119.3797066829},"ZJYQ":{"index":35,"Lat":30.194600823,"Lon":119.3923498931},"ZJAN":{"index":36,"Lat":30.2558504071,"Lon":119.7289626105},"ZJXH":{"index":37,"Lat":30.3004530902,"Lon":119.9152722574},"ZJFY":{"index":38,"Lat":30.0377991305,"Lon":119.9229630182},"ZJXS":{"index":39,"Lat":30.0417394312,"Lon":120.2440274656},"ZJSX":{"index":40,"Lat":30.0708203539,"Lon":120.5205000799},"ZJSN":{"index":41,"Lat":30.071597832,"Lon":120.7857239664},"ZJYY":{"index":42,"Lat":30.0732963696,"Lon":121.1809433057},"ZJNO":{"index":43,"Lat":29.8612595009,"Lon":121.5403806294},"ZJLN":{"index":44,"Lat":29.7874629233,"Lon":121.0164678277},"ZJZO":{"index":45,"Lat":29.9884167565,"Lon":122.2737596918},"ZJTA":{"index":46,"Lat":29.7888596281,"Lon":120.673743957},"ZJZJ":{"index":47,"Lat":29.7297780839,"Lon":120.2158782367},"ZJTU":{"index":48,"Lat":29.7936718737,"Lon":119.6873528365},"ZJSD":{"index":49,"Lat":29.5385422091,"Lon":119.5696066134},"ZJPJ":{"index":50,"Lat":29.4442903164,"Lon":119.8940965099},"ZJSZ":{"index":51,"Lat":29.4353682816,"Lon":120.5489681596},"ZJCH":{"index":52,"Lat":29.5245867879,"Lon":120.8490228169},"ZJSI":{"index":53,"Lat":29.5406879479,"Lon":121.1342756263},"ZJFG":{"index":54,"Lat":29.6650107393,"Lon":121.4238707905},"ZJTG":{"index":55,"Lat":29.6630735468,"Lon":121.708559202},"ZJXN":{"index":56,"Lat":29.4461311021,"Lon":121.9241679072},"ZJHP":{"index":57,"Lat":29.1570862581,"Lon":121.9040416294},"ZJNH":{"index":58,"Lat":29.2982138357,"Lon":121.4438760322},"ZJSE":{"index":59,"Lat":29.1265167053,"Lon":121.3719424455},"ZJTT":{"index":60,"Lat":29.1705306843,"Lon":120.9814197341},"ZJJV":{"index":61,"Lat":29.2178567932,"Lon":120.7248918891},"ZJDN":{"index":62,"Lat":29.2813484123,"Lon":120.2291212433},"ZJUA":{"index":63,"Lat":29.1375062888,"Lon":119.6581912104}}