{"GDXC":{"index":0,"Lon":109.7842121525,"Lat":21.049655789},"GDWS":{"index":1,"Lon":109.8356291096,"Lat":20.5629357396},"GDSX":{"index":2,"Lon":109.8542668142,"Lat":21.2558946115},"GDOU":{"index":3,"Lon":109.9188194452,"Lat":21.3290164908},"GDQP":{"index":4,"Lon":109.9262600609,"Lat":21.6270102623},"GDJA":{"index":5,"Lon":109.9349674305,"Lat":20.2557400169},"GDLZ":{"index":6,"Lon":110.0718264683,"Lat":20.9181445526},"GDEI":{"index":7,"Lon":110.0718316672,"Lat":20.9181568151},"GDJJ":{"index":8,"Lon":110.1274109347,"Lat":20.6765888347},"GDXU":{"index":9,"Lon":110.1631516076,"Lat":20.3417931772},"GDEL":{"index":10,"Lon":110.1980230699,"Lat":21.9465952712},"GDXW":{"index":11,"Lon":110.2327287375,"Lat":20.5055942568},"GDLA":{"index":12,"Lon":110.264080503,"Lat":21.5580283428},"GDLJ":{"index":13,"Lon":110.2640832114,"Lat":21.5580340057},"GDDL":{"index":14,"Lon":110.3398885207,"Lat":20.7955641588},"GDZJ":{"index":15,"Lon":110.3721180356,"Lat":21.2715264304},"GDZH":{"index":16,"Lon":110.3721265774,"Lat":21.271518636},"GDQS":{"index":17,"Lon":110.4323936952,"Lat":20.3730720771},"GDHA":{"index":18,"Lon":110.4925911418,"Lat":21.8458899533},"GDDJ":{"index":19,"Lon":110.4935736676,"Lat":21.024986883},"GDUA":{"index":20,"Lon":110.536285159,"Lat":21.5830230874},"GDWU":{"index":21,"Lon":110.8119236495,"Lat":21.4526584154},"GDMM":{"index":22,"Lon":110.8981757244,"Lat":21.6729273156},"GDGO":{"index":23,"Lon":110.917792317,"Lat":21.9566893248},"GDXY":{"index":24,"Lon":110.9725962108,"Lat":22.3187441009},"GDMG":{"index":25,"Lon":111.1808129616,"Lat":21.5412284782},"GDLW":{"index":26,"Lon":111.1883690028,"Lat":22.6940317507},"GDNH":{"index":27,"Lon":111.2412069555,"Lat":21.8465816189},"GDQI":{"index":28,"Lon":111.253144433,"Lat":22.3676199685},"GDSN":{"index":29,"Lon":111.3701368112,"Lat":22.1022207688},"GDLU":{"index":30,"Lon":111.4331860932,"Lat":22.5473170341},"GDXI":{"index":31,"Lon":111.442349838,"Lat":21.691892534},"GDDN":{"index":32,"Lon":111.5654186683,"Lat":22.7906543188},"GDYN":{"index":33,"Lon":111.5654669385,"Lat":23.1816596613},"GDLD":{"index":34,"Lon":111.5890997727,"Lat":22.7651994953},"GDKO":{"index":35,"Lon":111.6735838305,"Lat":21.9582639639},"GDTA":{"index":36,"Lon":111.7309827423,"Lat":22.9453007398},"GDXT":{"index":37,"Lon":111.7530934685,"Lat":21.6562978183},"GDYC":{"index":38,"Lon":111.7578704023,"Lat":22.1814600952},"GDEK":{"index":39,"Lon":111.779791285,"Lat":23.5137301836},"GDYX":{"index":40,"Lon":111.8088105385,"Lat":21.7998529236},"GDCW":{"index":41,"Lon":111.8868332257,"Lat":22.4690844034},"GDSC":{"index":42,"Lon":111.945466371,"Lat":22.7485225642},"GDYJ":{"index":43,"Lon":111.9590898272,"Lat":21.8573192377},"GDYA":{"index":44,"Lon":111.9965986538,"Lat":23.0118179777},"GDYG":{"index":45,"Lon":112.0656685733,"Lat":23.7170540776},"GDXS":{"index":46,"Lon":112.0881594147,"Lat":24.2029002731},"GDMC":{"index":47,"Lon":112.1104995596,"Lat":23.4070158755},"GDLS":{"index":48,"Lon":112.1133966779,"Lat":24.5831281991},"GDNJ":{"index":49,"Lon":112.1727323057,"Lat":22.1242193662},"GDID":{"index":50,"Lon":112.187707062,"Lat":22.4751095054},"GDXX":{"index":51,"Lon":112.2328671646,"Lat":22.6812054927},"GDHJ":{"index":52,"Lon":112.3007387099,"Lat":23.9376882082},"GDZG":{"index":53,"Lon":112.3513045699,"Lat":24.5291429197},"GDGN":{"index":54,"Lon":112.3682018734,"Lat":23.6191890955},"GDLI":{"index":55,"Lon":112.3730805886,"Lat":24.813546518},"GDJT":{"index":56,"Lon":112.424304687,"Lat":22.3071075432},"GDZO":{"index":57,"Lon":112.4306589005,"Lat":23.0776887749},"GDWC":{"index":58,"Lon":112.4843760751,"Lat":21.8613076774},"GDSU":{"index":59,"Lon":112.5088250192,"Lat":22.8035027607},"GDTP":{"index":60,"Lon":112.5588957715,"Lat":24.2574109673},"GDCI":{"index":61,"Lon":112.5845433257,"Lat":22.1427637737},"GDYS":{"index":62,"Lon":112.6508410524,"Lat":24.4465407398},"GDKP":{"index":63,"Lon":112.6968956275,"Lat":22.3847127114},"GDJG":{"index":64,"Lon":112.6999592262,"Lat":22.5400236379},"GDSH":{"index":65,"Lon":112.7224657647,"Lat":23.3287278226},"GDWZ":{"index":66,"Lon":112.7316024348,"Lat":23.6468416253},"GDTS":{"index":67,"Lon":112.8000001128,"Lat":22.3220350394},"GDJN":{"index":68,"Lon":112.8211010426,"Lat":24.0710559456},"GDCJ":{"index":69,"Lon":112.8294573594,"Lat":24.7773831872},"GDDT":{"index":70,"Lon":112.8903708602,"Lat":23.4412191028},"GDSA":{"index":71,"Lon":112.8911346037,"Lat":23.074028221},"GDCX":{"index":72,"Lon":112.891626184,"Lat":21.9753834386},"GDHE":{"index":73,"Lon":112.9095353868,"Lat":22.7693202264},"GDQY":{"index":74,"Lon":112.9840071018,"Lat":23.7063699045},"GDBO":{"index":75,"Lon":113.018372299,"Lat":24.4432318752},"GDYM":{"index":76,"Lon":113.0542925463,"Lat":22.3025356531},"GDDI":{"index":77,"Lon":113.0778183992,"Lat":23.1292174619},"GDYY":{"index":78,"Lon":113.0971908844,"Lat":25.125405515},"GDJM":{"index":79,"Lon":113.1225135512,"Lat":22.5360818461},"GDYT":{"index":80,"Lon":113.1804860182,"Lat":23.6515285674},"GDDU":{"index":81,"Lon":113.1933861901,"Lat":23.3763629545},"GDSD":{"index":82,"Lon":113.2157140684,"Lat":22.9172385246},"GDLX":{"index":83,"Lon":113.2749471562,"Lat":23.9326116328},"GDRY":{"index":84,"Lon":113.2804904335,"Lat":24.7723465895},"GDJW":{"index":85,"Lon":113.3468033714,"Lat":22.0479030689},"GDTH":{"index":86,"Lon":113.3509622386,"Lat":23.1377698915},"GDSW":{"index":87,"Lon":113.3589872207,"Lat":22.3083381399},"GDYD":{"index":88,"Lon":113.3744071593,"Lat":24.1837911603},"GDNN":{"index":89,"Lon":113.4100543836,"Lat":22.7854370971},"GDZS":{"index":90,"Lon":113.4302597578,"Lat":22.5587120221},"GDLE":{"index":91,"Lon":113.4891694733,"Lat":25.2170805682},"GDSO":{"index":92,"Lon":113.5198156298,"Lat":24.7884533043},"GDSK":{"index":93,"Lon":113.5210992426,"Lat":24.4230973583},"GDFO":{"index":94,"Lon":113.530405233,"Lat":23.865577315},"GDXZ":{"index":95,"Lon":113.5630617398,"Lat":22.2895759113},"GDGG":{"index":96,"Lon":113.5764399455,"Lat":22.6707510708},"GDCH":{"index":97,"Lon":113.5764814119,"Lat":23.5234540209},"GDHM":{"index":98,"Lon":113.5877888195,"Lat":22.8766896761},"GDHU":{"index":99,"Lon":113.6176736548,"Lat":22.8874375917},"GDWN":{"index":100,"Lon":113.6512518613,"Lat":23.0528859092},"GDIU":{"index":101,"Lon":113.6552837615,"Lat":23.0576631837},"GDZU":{"index":102,"Lon":113.6906520768,"Lat":23.278114386},"GDRH":{"index":103,"Lon":113.7532191994,"Lat":25.0694420504},"GDBS":{"index":104,"Lon":113.7634774616,"Lat":24.0932119336},"GDXJ":{"index":105,"Lon":113.8033004869,"Lat":24.461657285},"GDFW":{"index":106,"Lon":113.8159142374,"Lat":24.7907102096},"GDKE":{"index":107,"Lon":113.9143900054,"Lat":22.9435745457},"GDNS":{"index":108,"Lon":113.922882569,"Lat":22.5727666877},"GDDK":{"index":109,"Lon":113.9297633494,"Lat":22.9989240175},"GDAM":{"index":110,"Lon":113.9549919401,"Lat":22.8243552969},"GDQZ":{"index":111,"Lon":113.9604742452,"Lat":23.1288001088},"GDLV":{"index":112,"Lon":113.9853770989,"Lat":23.8101933909},"GDYU":{"index":113,"Lon":113.9961809959,"Lat":23.1345573494},"GDMA":{"index":114,"Lon":114.002407979,"Lat":23.460843234},"GDSI":{"index":115,"Lon":114.0752526413,"Lat":24.6804104791},"GDWY":{"index":116,"Lon":114.0909533932,"Lat":24.3520112444},"GDLG":{"index":117,"Lon":114.1213729342,"Lat":22.6079312728},"GDXN":{"index":118,"Lon":114.1233244781,"Lat":24.9343269777},"GDTE":{"index":119,"Lon":114.1835353973,"Lat":22.8356407682},"GDXF":{"index":120,"Lon":114.1840335462,"Lat":24.0580812727},"GDHH":{"index":121,"Lon":114.1862131851,"Lat":23.0852104535},"GDWL":{"index":122,"Lon":114.2149134356,"Lat":22.6569210151},"GDLM":{"index":123,"Lon":114.2669274074,"Lat":23.7230365032},"GDPS":{"index":124,"Lon":114.2940045964,"Lat":22.6758188856},"GDPN":{"index":125,"Lon":114.3595996255,"Lat":22.7576886954},"GDNA":{"index":126,"Lon":114.3769119151,"Lat":25.1054621962},"GDCU":{"index":127,"Lon":114.4297808488,"Lat":23.407562946},"GDHI":{"index":128,"Lon":114.443332352,"Lat":23.1135432589},"GDLP":{"index":129,"Lon":114.4860041079,"Lat":24.3421300249},"GDYO":{"index":130,"Lon":114.4939487124,"Lat":22.950413404},